window_index,window_end_time_ns,window_end_time_minutes,slc_host_write_pages,reclaimed_slc_pages,rate_1min_pages_per_second,rate_10min_pages_per_second,predicted_rate_pages_per_second,running_net_debt_pages,history_window_count,longest_continuous_debt_windows,history_compensation_factor,base_reserve_pages,final_reserve_pages,base_occupancy_threshold,final_occupancy_threshold,free_slc_pages,pressure_pages
1,60000000000,1,71416,71610,1190.26666667,1190.26666667,1190.26666667,0,1,0,1,71416,71416,0.743344258525,0.743344258525,194,71222
2,120000000000,2,70479,70587,1174.65,1182.45833333,1182.45833333,0,2,0,1,70948,70948,0.745026162958,0.745026162958,302,70646
3,180000000000,3,100270,104687,1671.16666667,1345.36111111,1671.16666667,0,3,0,1,100270,100270,0.639648381347,0.639648381347,4719,95551
4,240000000000,4,115714,112530,1928.56666667,1491.1625,1928.56666667,3184,4,1,1.125,115714,130179,0.584145535047,0.532161031568,1535,128644
5,300000000000,5,116520,131285,1942,1581.33,1942,0,5,1,1.1,116521,128173,0.581245328043,0.539370220229,16300,111873
6,360000000000,6,116845,129239,1947.41666667,1642.34444444,1947.41666667,0,6,1,1.08333333333,116845,126583,0.580080932666,0.545084382727,28694,97889
7,420000000000,7,110153,112189,1835.88333333,1669.99285714,1835.88333333,0,7,1,1.07142857143,110154,118022,0.604127134725,0.575851014893,30730,87292
8,480000000000,8,110091,107756,1834.85,1690.6,1834.85,2335,8,1,1.0625,110092,116972,0.604349951124,0.579624518429,28395,88577
9,540000000000,9,110467,118327,1841.11666667,1707.32407407,1841.11666667,0,9,1,1.05555555556,110468,116605,0.602998677477,0.58094344776,36255,80350
10,600000000000,10,112338,124124,1872.3,1723.82166667,1872.3,0,10,1,1.05,112339,117955,0.596274653556,0.576091800357,48041,69914
11,660000000000,11,111633,126170,1860.55,1790.85,1860.55,0,11,1,1.04545454545,111633,116708,0.598811885458,0.580573285032,62578,54130
12,720000000000,12,112333,132649,1872.21666667,1860.60666667,1872.21666667,0,12,1,1.04166666667,112334,117014,0.596292622621,0.579473578288,82894,34120
13,780000000000,13,113227,136741,1887.11666667,1882.20166667,1887.11666667,0,13,1,1.03846153846,113227,117582,0.593083347709,0.577432292565,106408,11174
14,840000000000,14,112638,123783,1877.3,1877.075,1877.3,0,14,1,1.03571428571,112639,116661,0.595196509689,0.580742194238,117553,-892
15,900000000000,15,114433,115258,1907.21666667,1873.59666667,1907.21666667,0,15,1,1.03333333333,114433,118248,0.588749209361,0.575038813179,118378,-130
16,960000000000,16,114393,106392,1906.55,1869.51,1906.55,8001,16,1,1.03125,114393,117968,0.588892961877,0.576045080789,110377,7591
17,1020000000000,17,115925,118327,1932.08333333,1879.13,1932.08333333,5599,17,2,1.05882352941,115926,122745,0.583383646714,0.558877436605,112779,9966
18,1080000000000,18,115768,109802,1929.46666667,1888.59166667,1929.46666667,11565,18,3,1.08333333333,115768,125416,0.583951469151,0.549278362371,106813,18603
19,1140000000000,19,115477,120373,1924.61666667,1896.94166667,1924.61666667,6669,19,4,1.10526315789,115478,127633,0.584993674889,0.54131087919,111709,15924
20,1200000000000,20,114985,125829,1916.41666667,1901.35333333,1916.41666667,0,20,4,1.1,114986,126484,0.586761830832,0.545440170203,122553,3931
21,1260000000000,21,116240,123101,1937.33333333,1909.03166667,1937.33333333,0,21,4,1.09523809524,116241,127311,0.582251595653,0.542468086942,129414,-2103
22,1320000000000,22,115872,113553,1931.2,1914.93,1931.2,2319,22,4,1.09090909091,115872,126406,0.58357771261,0.545720487609,127095,-689
23,1380000000000,23,117136,114235,1952.26666667,1921.445,1952.26666667,5220,23,4,1.08695652174,117136,127322,0.579035133115,0.542428555,124194,3128
24,1440000000000,24,115616,119350,1926.93333333,1926.40833333,1926.93333333,1486,24,4,1.08333333333,115617,125251,0.584494134897,0.549871341498,127928,-2677
25,1500000000000,25,109173,109120,1819.55,1917.64166667,1917.64166667,1539,25,4,1.08,115059,124264,0.586499482491,0.553418434823,127875,-3611
26,1560000000000,26,110779,106392,1846.31666667,1911.61833333,1911.61833333,5926,26,5,1.09615384615,114698,125726,0.587796848945,0.548164280375,123488,2238
27,1620000000000,27,111390,101959,1856.5,1904.06,1904.06,15357,27,6,1.11111111111,114244,126938,0.589428439998,0.54380857915,114057,12881
28,1680000000000,28,112322,90024,1872.03333333,1898.31666667,1898.31666667,37655,28,7,1.125,113899,128137,0.590668305445,0.539499597493,91759,36378
29,1740000000000,29,112765,138105,1879.41666667,1893.79666667,1893.79666667,12315,29,8,1.13793103448,113628,129301,0.591642228739,0.535316399287,117099,12202
30,1800000000000,30,112551,109802,1875.85,1889.74,1889.74,15064,30,9,1.15,113385,130393,0.592515525272,0.531391955609,114350,16043
31,1860000000000,31,113654,104346,1894.23333333,1885.43,1894.23333333,24372,31,10,1.16129032258,113655,131986,0.591545195791,0.525667011673,105042,26944
32,1920000000000,32,114786,87296,1913.1,1883.62,1913.1,51862,32,11,1.171875,114786,134515,0.58748059341,0.51657825887,77552,56963
33,1980000000000,33,114649,158906,1910.81666667,1879.475,1910.81666667,7605,33,12,1.18181818182,114650,135495,0.587969351964,0.513056322236,121809,13686
34,2040000000000,34,114381,110143,1906.35,1877.41666667,1906.35,11843,34,13,1.19117647059,114381,136248,0.588936087632,0.510350181128,117571,18677
35,2100000000000,35,115253,130944,1920.88333333,1887.55,1920.88333333,0,35,13,1.18571428571,115254,136658,0.585798688977,0.508876717843,133262,3396
36,2160000000000,36,115410,119350,1923.5,1895.26833333,1923.5,0,36,13,1.18055555556,115410,136248,0.585238054166,0.510350181128,137202,-954
37,2220000000000,37,115343,115940,1922.38333333,1901.85666667,1922.38333333,0,37,13,1.17567567568,115343,135606,0.58547883963,0.512657409005,137799,-2193
38,2280000000000,38,118977,101277,1982.95,1912.94833333,1982.95,17700,38,13,1.17105263158,118977,139329,0.572418923581,0.499277643609,120099,19230
39,2340000000000,39,115967,92411,1932.78333333,1918.285,1932.78333333,41256,39,13,1.16666666667,115967,135295,0.583236300385,0.513775084814,96543,38752
40,2400000000000,40,115983,154473,1933.05,1924.005,1933.05,2766,40,13,1.1625,115984,134831,0.583175205566,0.515442613996,135033,-202
41,2460000000000,41,115827,116622,1930.45,1927.62666667,1930.45,1971,41,13,1.15853658537,115827,134190,0.58373943419,0.517746248059,135828,-1638
42,2520000000000,42,115394,111166,1923.23333333,1928.64,1928.64,6199,42,13,1.15476190476,115719,133628,0.584127565982,0.519765970904,131600,2028
43,2580000000000,43,109004,112189,1816.73333333,1919.23166667,1919.23166667,3014,43,13,1.1511627907,115154,132561,0.586158070266,0.52360056926,134785,-2224
44,2640000000000,44,111220,111507,1853.66666667,1913.96333333,1913.96333333,2727,44,13,1.14772727273,114838,131803,0.58729371514,0.526324679432,135072,-3269
45,2700000000000,45,111333,108779,1855.55,1907.43,1907.43,5281,45,13,1.14444444444,114446,130977,0.588702489794,0.52929316888,132518,-1541
46,2760000000000,46,112058,120373,1867.63333333,1901.84333333,1901.84333333,0,46,13,1.14130434783,114111,130235,0.589906417112,0.531959778046,140833,-10598
47,2820000000000,47,112663,93775,1877.71666667,1897.37666667,1897.37666667,18888,47,13,1.13829787234,113843,129587,0.590869558967,0.5342885688,121945,7642
48,2880000000000,48,112713,68200,1878.55,1886.93666667,1886.93666667,63401,48,13,1.13541666667,113217,128548,0.593119285838,0.538022540394,77432,51116
49,2940000000000,49,113530,107756,1892.16666667,1882.875,1892.16666667,69175,49,13,1.13265306122,113530,128591,0.591994422402,0.53786800644,71658,56933
50,3000000000000,50,113872,147994,1897.86666667,1879.35666667,1897.86666667,35053,50,13,1.13,113873,128676,0.590761744581,0.537562532344,105780,22896
51,3060000000000,51,114145,137764,1902.41666667,1876.55333333,1902.41666667,11434,51,13,1.12745098039,114146,128693,0.589780633661,0.537501437525,129399,-706
52,3120000000000,52,114833,118327,1913.88333333,1875.61833333,1913.88333333,7940,52,13,1.125,114833,129188,0.587311684204,0.535722500144,132893,-3705
53,3180000000000,53,114323,92070,1905.38333333,1884.48333333,1905.38333333,30193,53,13,1.12264150943,114323,128344,0.589144528779,0.538755678224,110640,17704
54,3240000000000,54,115391,87978,1923.18333333,1891.435,1923.18333333,57606,54,13,1.12037037037,115392,129281,0.585302742798,0.535388275545,83227,46054
55,3300000000000,55,116537,157883,1942.28333333,1900.10833333,1942.28333333,16260,55,13,1.11818181818,116537,130310,0.581187827037,0.531690242079,124573,5737
56,3360000000000,56,115433,136400,1923.88333333,1905.73333333,1923.88333333,0,56,13,1.11607142857,115433,128832,0.585155396469,0.537001897533,145540,-16708
57,3420000000000,57,115461,113894,1924.35,1910.39666667,1924.35,1567,57,13,1.11403508772,115462,128628,0.585051175896,0.537735035363,143973,-15345
58,3480000000000,58,116394,115599,1939.9,1916.53166667,1939.9,2362,58,13,1.11206896552,116394,129439,0.58170174228,0.534820453108,143178,-13739
59,3540000000000,59,117444,110825,1957.4,1923.055,1957.4,8981,59,13,1.11016949153,117445,130383,0.577924644931,0.531427893738,136559,-6176
60,3600000000000,60,114037,109802,1900.61666667,1923.33,1923.33,13216,60,13,1.10833333333,115400,127902,0.585273992295,0.540344143523,132324,-4422
61,3660000000000,61,110373,107074,1839.55,1917.04333333,1917.04333333,16515,61,13,1.10655737705,115023,127280,0.586628859755,0.542579495141,129025,-1745
62,3720000000000,62,111266,113894,1854.43333333,1911.09833333,1911.09833333,13887,62,13,1.10483870968,114666,126688,0.587911850957,0.544707032373,131653,-4965
63,3780000000000,63,112220,60698,1870.33333333,1907.59333333,1907.59333333,65409,63,13,1.10317460317,114456,126265,0.588666551665,0.546227215226,80131,46134
64,3840000000000,64,112532,94457,1875.53333333,1902.82833333,1902.82833333,83484,64,13,1.1015625,114170,125766,0.589694382152,0.548020527859,62056,63710
65,3900000000000,65,112352,112871,1872.53333333,1895.85333333,1895.85333333,82965,65,13,1.1,113752,125127,0.59119659594,0.550316974297,62575,62552
66,3960000000000,66,113202,144925,1886.7,1892.135,1892.135,51242,66,13,1.09848484848,113529,124709,0.591998016215,0.551819188086,94298,30411
67,4020000000000,67,113690,97526,1894.83333333,1889.18333333,1894.83333333,67406,67,13,1.09701492537,113690,124720,0.59141941234,0.551779656144,78134,46586
68,4080000000000,68,114654,85591,1910.9,1886.28333333,1910.9,96469,68,13,1.09558823529,114655,125614,0.587951382899,0.548566787419,49071,76543
69,4140000000000,69,114294,162657,1904.9,1881.03333333,1904.9,48106,69,13,1.09420289855,114294,125061,0.589248749353,0.550554165948,97434,27627
70,4200000000000,70,114909,121396,1915.15,1882.48666667,1915.15,41619,70,14,1.1,114910,126400,0.587034960612,0.545742050486,103921,22479
71,4260000000000,71,115085,93093,1918.08333333,1890.34,1918.08333333,63611,71,15,1.10563380282,115085,127242,0.586406043356,0.542716060031,81929,45313
72,4320000000000,72,114702,104005,1911.7,1896.06666667,1911.7,74308,72,16,1.11111111111,114702,127447,0.587782473693,0.541979328388,71232,56215
73,4380000000000,73,115660,110825,1927.66666667,1901.8,1927.66666667,79143,73,17,1.11643835616,115661,129128,0.58433600713,0.535938128917,66397,62731
74,4440000000000,74,116433,154473,1940.55,1908.30166667,1940.55,41103,74,18,1.12162162162,116433,130594,0.581561583578,0.530669599218,104437,26157
75,4500000000000,75,116420,127875,1940.33333333,1915.08166667,1940.33333333,29648,75,19,1.12666666667,116420,131167,0.581608303145,0.528610344431,115892,15275
76,4560000000000,76,116931,93775,1948.85,1921.29666667,1948.85,52804,76,20,1.13157894737,116931,132317,0.579771864758,0.524477459606,92736,39581
77,4620000000000,77,116247,56265,1937.45,1925.55833333,1937.45,112786,77,21,1.13636363636,116247,132099,0.582230032776,0.525260910816,32754,99345
78,4680000000000,78,110893,122078,1848.21666667,1919.29,1919.29,101601,78,22,1.14102564103,115158,131398,0.586143695015,0.527780173653,43939,87459
79,4740000000000,79,110202,147312,1836.7,1912.47,1912.47,64491,79,23,1.14556962025,114749,131453,0.587613564487,0.527582513944,81049,50404
80,4800000000000,80,110971,98549,1849.51666667,1905.90666667,1905.90666667,76913,80,24,1.15,114355,131508,0.589029526767,0.527384854235,68627,62881
81,4860000000000,81,111240,131967,1854,1899.49833333,1899.49833333,56186,81,25,1.15432098765,113970,131558,0.59041314473,0.52720516359,89354,42204
82,4920000000000,82,112039,132649,1867.31666667,1895.06,1895.06,35576,82,26,1.15853658537,113704,131730,0.591369098959,0.526587027773,109964,21766
83,4980000000000,83,112796,108779,1879.93333333,1890.28666667,1890.28666667,39593,83,27,1.16265060241,113418,131865,0.592396929446,0.526101863033,105947,25918
84,5040000000000,84,113402,122078,1890.03333333,1885.235,1890.03333333,30917,84,28,1.16666666667,113402,132303,0.592454430453,0.524527772986,114623,17680
85,5100000000000,85,113508,148676,1891.8,1880.38166667,1891.8,0,85,28,1.16470588235,113509,132204,0.592069892473,0.524883560462,149791,-17587
86,5160000000000,86,114017,109802,1900.28333333,1875.525,1900.28333333,4215,86,28,1.16279069767,114018,132578,0.590240641711,0.523539474441,145576,-12998
87,5220000000000,87,115046,107074,1917.43333333,1873.52333333,1917.43333333,12187,87,28,1.16091954023,115047,133560,0.586542608246,0.520010350181,137604,-4044
88,5280000000000,88,114320,121396,1905.33333333,1879.235,1905.33333333,5111,88,28,1.15909090909,114321,132508,0.589151716405,0.523791041343,144680,-12172
89,5340000000000,89,115593,118668,1926.55,1888.22,1926.55,2036,89,28,1.15730337079,115593,133777,0.584580386407,0.519230492784,147755,-13978
90,5400000000000,90,114922,89342,1915.36666667,1894.805,1915.36666667,27616,90,28,1.15555555556,114922,132799,0.586991834857,0.522745241792,122175,10624
91,5460000000000,91,114719,98890,1911.98333333,1900.60333333,1911.98333333,43445,91,28,1.15384615385,114720,132369,0.587717785061,0.524290581335,106346,26023
92,5520000000000,92,116041,148676,1934.01666667,1907.27333333,1934.01666667,10810,92,28,1.15217391304,116042,133700,0.582966764418,0.519507216376,138981,-5281
93,5580000000000,93,115703,113553,1928.38333333,1912.11833333,1928.38333333,12960,93,28,1.15053763441,115703,133121,0.584185066989,0.521588034041,136831,-3710
94,5640000000000,94,116031,115940,1933.85,1916.5,1933.85,13051,94,28,1.14893617021,116032,133313,0.583002702547,0.520898021965,136740,-3427
95,5700000000000,95,116655,113553,1944.25,1921.745,1944.25,16153,95,28,1.14736842105,116656,133847,0.580760163303,0.518978925881,133638,209
96,5760000000000,96,107971,108779,1799.51666667,1911.66833333,1911.66833333,15345,96,28,1.14583333333,114701,131428,0.587786067506,0.527672359266,134446,-3018
97,5820000000000,97,110069,112530,1834.48333333,1903.37333333,1903.37333333,12884,97,28,1.14432989691,114203,130686,0.589575786326,0.530338968432,136907,-6221
98,5880000000000,98,109564,110825,1826.06666667,1895.44666667,1895.44666667,11623,98,28,1.14285714286,113727,129974,0.591286441263,0.532897763211,138168,-8194
99,5940000000000,99,110808,109461,1846.8,1887.47166667,1887.47166667,12970,99,28,1.14141414141,113249,129264,0.593004283825,0.535449370364,136821,-7557
100,6000000000000,100,111507,72974,1858.45,1881.78,1881.78,51503,100,28,1.14,112907,128714,0.594233367834,0.537425967454,98288,30426
101,6060000000000,101,111583,113553,1859.71666667,1876.55333333,1876.55333333,49533,100,28,1.14,112594,128357,0.595358231269,0.538708958657,100258,28099
102,6120000000000,102,112921,111507,1882.01666667,1871.35333333,1882.01666667,50947,100,28,1.14,112921,128730,0.594183054453,0.537368466448,98844,29886
103,6180000000000,103,115606,122419,1926.76666667,1871.19166667,1926.76666667,44134,100,28,1.14,115606,131791,0.584533666839,0.526367805187,105657,26134
104,6240000000000,104,114667,135718,1911.11666667,1868.91833333,1911.11666667,23083,100,28,1.14,114667,130721,0.587908257145,0.530213184981,126708,4013
105,6300000000000,105,115313,92070,1921.88333333,1866.68166667,1921.88333333,46326,100,28,1.14,115314,131457,0.585583060204,0.527568138692,103465,27992
106,6360000000000,106,113762,85250,1896.03333333,1876.33333333,1896.03333333,74838,100,28,1.14,113763,129689,0.591157063999,0.533921999885,74953,54736
107,6420000000000,107,114636,149017,1910.6,1883.945,1910.6,40457,100,28,1.14,114636,130686,0.588019665344,0.530338968432,109334,21352
108,6480000000000,108,115128,124806,1918.8,1893.21833333,1918.8,30779,100,28,1.14,115129,131246,0.586247915589,0.528326433213,119012,12234
109,6540000000000,109,114778,127534,1912.96666667,1899.835,1912.96666667,18023,100,28,1.14,114779,130847,0.587505750101,0.529760364556,131768,-921
110,6600000000000,110,115181,119350,1919.68333333,1905.95833333,1919.68333333,13854,100,28,1.14,115181,131307,0.586061037318,0.528107210626,135937,-4630
111,6660000000000,111,115812,112871,1930.2,1913.00666667,1930.2,16795,100,28,1.14,115813,132026,0.583789747571,0.525523259157,132996,-970
112,6720000000000,112,115275,114235,1921.25,1916.93,1921.25,17835,100,28,1.14,115276,131414,0.585719625093,0.527722672647,131956,-542
113,6780000000000,113,94330,106392,1572.16666667,1881.47,1881.47,5773,100,28,1.14,112889,128693,0.594298056466,0.537501437525,144018,-15325
114,6840000000000,114,106178,130262,1769.63333333,1867.32166667,1867.32166667,0,100,28,1.14,112040,127725,0.597349203611,0.540980248404,168102,-40377
115,6900000000000,115,110065,71610,1834.41666667,1858.575,1858.575,38455,100,28,1.14,111515,127127,0.599235955379,0.543129348514,129647,-2520
116,6960000000000,116,111276,107756,1854.6,1854.43166667,1854.6,41975,100,28,1.14,111276,126855,0.60009487666,0.54410686562,126127,728
117,7020000000000,117,111081,135377,1851.35,1848.50666667,1851.35,17679,100,28,1.14,111082,126633,0.600792076361,0.544904692082,150423,-23790
118,7080000000000,118,111743,114576,1862.38333333,1842.865,1862.38333333,14846,100,28,1.14,111743,127388,0.59841656604,0.542191363349,153256,-25868
119,7140000000000,119,112314,111848,1871.9,1838.75833333,1871.9,15312,100,28,1.14,112315,128038,0.596360905066,0.539855384969,152790,-24752
120,7200000000000,120,112396,106733,1873.26666667,1834.11666667,1873.26666667,20975,100,28,1.14,112397,128132,0.596066212409,0.539517566557,147127,-18995
121,7260000000000,121,114380,123442,1906.33333333,1831.73,1906.33333333,11913,100,28,1.14,114380,130394,0.588939681444,0.531388361796,156189,-25795
122,7320000000000,122,113629,109120,1893.81666667,1828.98666667,1893.81666667,16422,100,28,1.14,113630,129538,0.591635041113,0.534464665632,151680,-22142
123,7380000000000,123,113195,115940,1886.58333333,1860.42833333,1886.58333333,13677,100,28,1.14,113196,129043,0.593194755908,0.536243603013,154425,-25382
124,7440000000000,124,114786,112530,1913.1,1874.775,1913.1,15933,100,28,1.14,114786,130857,0.58748059341,0.529724426427,152169,-21312
125,7500000000000,125,113987,60357,1899.78333333,1881.31166667,1899.78333333,69563,100,28,1.14,113987,129946,0.590352049911,0.532998389972,98539,31407
126,7560000000000,126,114700,122419,1911.66666667,1887.01833333,1911.66666667,61844,100,28,1.14,114701,130759,0.587786067506,0.530076620091,106258,24501
127,7620000000000,127,114504,142197,1908.4,1892.72333333,1908.4,34151,100,28,1.14,114504,130535,0.588494048646,0.530881634179,133951,-3416
128,7680000000000,128,128824,86955,2147.06666667,1921.19166667,2147.06666667,76020,100,28,1.14,128825,146860,0.537027054223,0.472212638721,92082,54778
129,7740000000000,129,115607,88660,1926.78333333,1926.68,1926.78333333,102967,100,28,1.14,115607,131792,0.584530073026,0.526364211374,65135,66657
130,7800000000000,130,115529,156519,1925.48333333,1931.90166667,1931.90166667,61977,100,28,1.14,115915,132143,0.583423178656,0.525102783049,106125,26018
131,7860000000000,131,113106,120373,1885.1,1929.77833333,1929.77833333,54710,100,28,1.14,115787,131997,0.583883186706,0.525627479731,113392,18605
132,7920000000000,132,110100,99572,1835,1923.89666667,1923.89666667,65238,100,28,1.14,115434,131595,0.585151802657,0.527072192513,102864,28731
133,7980000000000,133,109490,122419,1824.83333333,1917.72166667,1917.72166667,52309,100,28,1.14,115064,131173,0.586481513426,0.528588781554,115793,15380
134,8040000000000,134,110381,122078,1839.68333333,1910.38,1910.38,40612,100,28,1.14,114623,130670,0.588066384912,0.530396469438,127490,3180
135,8100000000000,135,110695,107756,1844.91666667,1904.89333333,1904.89333333,43551,100,28,1.14,114294,130295,0.589248749353,0.531744149273,124551,5744
136,8160000000000,136,111415,95139,1856.91666667,1899.41833333,1899.41833333,59827,100,28,1.14,113966,129921,0.590427519982,0.533088235294,108275,21646
137,8220000000000,137,111958,85591,1865.96666667,1895.175,1895.175,86194,100,28,1.14,113711,129630,0.591343942269,0.534134034846,81908,47722
138,8280000000000,138,111799,99572,1863.31666667,1866.8,1866.8,98421,100,28,1.14,112009,127690,0.597460611811,0.541106031856,69681,58009
139,8340000000000,139,113020,71269,1883.66666667,1862.48833333,1883.66666667,140172,100,28,1.14,113020,128843,0.593827266977,0.536962365591,27930,100913
140,8400000000000,140,113404,98208,1890.06666667,1858.94666667,1890.06666667,155368,100,28,1.14,113405,129281,0.592443649014,0.535388275545,12734,116547
141,8460000000000,141,112903,188232,1881.71666667,1858.60833333,1881.71666667,80039,100,28,1.14,112903,128710,0.594247743086,0.537440342706,88063,40647
142,8520000000000,142,114426,146289,1907.1,1865.81833333,1907.1,48176,100,28,1.14,114426,130446,0.588774366051,0.531201483526,119926,10520
143,8580000000000,143,114089,124465,1901.48333333,1873.48333333,1901.48333333,37800,100,29,1.145,114090,130632,0.589981887183,0.530533034328,130302,330
144,8640000000000,144,114642,116281,1910.7,1880.585,1910.7,36161,100,30,1.15,114643,131839,0.587994508654,0.526195302168,131941,-102
145,8700000000000,145,116749,114917,1945.81666667,1890.675,1945.81666667,37993,100,31,1.155,116750,134846,0.580422344891,0.515388706802,130109,4737
146,8760000000000,146,116629,121055,1943.81666667,1899.365,1943.81666667,33567,100,32,1.16,116629,135290,0.580857196251,0.513793053878,134535,755
147,8820000000000,147,115752,121737,1929.2,1905.68833333,1929.2,27582,100,33,1.165,115753,134852,0.584005376344,0.515367143925,140520,-5668
148,8880000000000,148,116929,111507,1948.81666667,1914.23833333,1948.81666667,33004,100,34,1.17,116929,136807,0.579779052383,0.508341239722,135098,1709
149,8940000000000,149,113649,89001,1894.15,1915.28666667,1915.28666667,57652,100,35,1.175,114918,135028,0.587006210109,0.514734632856,110450,24578
150,9000000000000,150,110366,65472,1839.43333333,1910.22333333,1910.22333333,102546,100,36,1.18,114614,135244,0.588098729228,0.513958369271,65556,69688
151,9060000000000,151,109763,159588,1829.38333333,1904.99,1904.99,52721,100,37,1.185,114300,135445,0.589227186476,0.51323601288,115381,20064
152,9120000000000,152,111457,127875,1857.61666667,1900.04166667,1900.04166667,36303,100,38,1.19,114003,135663,0.590294548905,0.51245256167,131799,3864
153,9180000000000,153,112087,117304,1868.11666667,1896.705,1896.705,31086,100,39,1.195,113803,135994,0.591013311483,0.511263009603,137016,-1022
154,9240000000000,154,111750,98890,1862.5,1891.885,1891.885,43946,100,40,1.2,113514,136216,0.592051923409,0.510465183141,124156,12060
155,9300000000000,155,112103,130262,1868.38333333,1884.14166667,1884.14166667,25787,100,41,1.205,113049,136224,0.593723046403,0.510436432638,142315,-6091
156,9360000000000,156,113434,109461,1890.56666667,1878.81666667,1890.56666667,29760,100,42,1.21,113435,137256,0.592335834627,0.506727617733,138342,-1086
157,9420000000000,157,113848,117304,1897.46666667,1875.64333333,1897.46666667,26304,100,43,1.215,113848,138326,0.590851589903,0.502882237939,141798,-3472
158,9480000000000,158,114297,102982,1904.95,1871.25666667,1904.95,37619,100,44,1.22,114298,139443,0.589234374102,0.498867948939,130483,8960
159,9540000000000,159,114849,110825,1914.15,1873.25666667,1914.15,41643,100,45,1.225,114850,140691,0.587250589385,0.49438287045,126459,14232
160,9600000000000,160,115137,124465,1918.95,1881.20833333,1918.95,32315,100,46,1.23,115138,141619,0.586215571272,0.491047812087,135787,5832
161,9660000000000,161,116451,96844,1940.85,1892.355,1940.85,51922,100,47,1.235,116451,143817,0.581496894946,0.483148611351,116180,27637
162,9720000000000,162,115547,76043,1925.78333333,1899.17166667,1925.78333333,91426,100,48,1.24,115547,143279,0.5847457018,0.485082082686,76676,66603
163,9780000000000,163,116092,113212,1934.86666667,1905.84666667,1934.86666667,94306,100,49,1.245,116092,144535,0.582787073774,0.480568253694,73796,70739
164,9840000000000,164,115052,162998,1917.53333333,1911.35,1917.53333333,46360,100,50,1.25,115052,143815,0.586524639181,0.483155798976,121742,22073
165,9900000000000,165,116257,138446,1937.61666667,1918.27333333,1937.61666667,24171,100,51,1.255,116257,145903,0.582194094647,0.475651917659,143931,1972
166,9960000000000,166,116710,111166,1945.16666667,1923.73333333,1945.16666667,29715,100,52,1.26,116710,147055,0.580566097407,0.471511845207,138387,8668
167,10020000000000,167,113261,121396,1887.68333333,1922.755,1922.755,21580,100,53,1.265,115366,145938,0.585396181933,0.475526134207,146522,-584
168,10080000000000,168,108691,108097,1811.51666667,1913.41166667,1913.41166667,22174,100,54,1.27,114805,145802,0.587412310965,0.476014892761,145928,-126
169,10140000000000,169,110655,111166,1844.25,1906.42166667,1906.42166667,21663,100,55,1.275,114386,145842,0.588918118567,0.475871140245,146439,-597
170,10200000000000,170,111147,108097,1852.45,1899.77166667,1899.77166667,24713,100,56,1.28,113987,145903,0.590352049911,0.475651917659,143389,2514
171,10260000000000,171,114159,113212,1902.65,1895.95166667,1902.65,25660,100,57,1.285,114159,146695,0.589733914093,0.472805617848,142442,4253
172,10320000000000,172,112223,91729,1870.38333333,1890.41166667,1890.41166667,46154,100,58,1.29,113425,146318,0.592371772756,0.474160485308,121948,24370
173,10380000000000,173,112579,132649,1876.31666667,1884.55666667,1884.55666667,26084,100,59,1.295,113074,146431,0.593633201081,0.473754384452,142018,4413
174,10440000000000,174,112877,119009,1881.28333333,1880.93166667,1881.28333333,19952,100,60,1.3,112878,146741,0.594337588408,0.472640302455,148150,-1409
175,10500000000000,175,114219,101277,1903.65,1877.535,1903.65,32894,100,61,1.305,114219,149056,0.58951828532,0.464320625611,135208,13848
176,10560000000000,176,113821,110825,1897.01666667,1872.72,1897.01666667,35890,100,62,1.31,113822,149106,0.590945029038,0.464140934966,132212,16894
177,10620000000000,177,114597,90365,1909.95,1874.94666667,1909.95,60122,100,63,1.315,114597,150696,0.588159824047,0.458426772469,107980,42716
178,10680000000000,178,114118,112189,1901.96666667,1883.99166667,1901.96666667,62051,100,64,1.32,114119,150636,0.589877666609,0.458642401242,106051,44585
179,10740000000000,179,115854,130944,1930.9,1892.65666667,1930.9,46961,100,65,1.325,115855,153507,0.583638807429,0.44832456443,121141,32366
180,10800000000000,180,114191,108438,1903.18333333,1897.73,1903.18333333,52714,100,66,1.33,114192,151875,0.589615318268,0.454189667069,115388,36487
181,10860000000000,181,115156,153109,1919.26666667,1899.39166667,1919.26666667,14761,100,67,1.335,115156,153734,0.58615088264,0.447508768903,153341,393
182,10920000000000,182,115936,94798,1932.26666667,1905.58,1932.26666667,35899,100,68,1.34,115937,155355,0.583344114772,0.441683198206,132203,23152
183,10980000000000,183,115904,142879,1931.73333333,1911.12166667,1931.73333333,8924,100,69,1.345,115905,155891,0.583459116785,0.439756914496,159178,-3287
184,11040000000000,184,116409,113212,1940.15,1917.00833333,1940.15,12121,100,70,1.35,116409,157153,0.581647835087,0.435221522627,155981,1172
185,11100000000000,185,113139,63085,1885.65,1915.20833333,1915.20833333,62175,100,71,1.355,114913,155707,0.587024179173,0.440418176068,105927,49780
186,11160000000000,186,109076,94116,1817.93333333,1907.3,1907.3,77135,100,72,1.36,114438,155636,0.588731240297,0.440673336783,90967,64669
187,11220000000000,187,110366,148335,1839.43333333,1900.24833333,1900.24833333,39166,100,73,1.365,114015,155631,0.59025142315,0.440691305848,128936,26695
188,11280000000000,188,110353,123783,1839.21666667,1893.97333333,1893.97333333,25736,100,74,1.37,113639,155685,0.591602696797,0.440497239952,142366,13319
189,11340000000000,189,111881,126170,1864.68333333,1887.35166667,1887.35166667,11447,100,75,1.375,113242,155707,0.593029440515,0.440418176068,156655,-948
190,11400000000000,190,112789,97867,1879.81666667,1885.015,1885.015,26369,100,76,1.38,113101,156080,0.593536168133,0.439077683859,141733,14347
191,11460000000000,191,111897,102300,1864.95,1879.58333333,1879.58333333,35966,100,77,1.385,112775,156194,0.594707751136,0.43866798919,132136,24058
192,11520000000000,192,112698,128898,1878.3,1874.18666667,1878.3,19766,100,78,1.39,112699,156651,0.594980880915,0.437025616698,148336,8315
193,11580000000000,193,113685,83545,1894.75,1870.48833333,1894.75,49906,100,79,1.395,113685,158591,0.591437381404,0.430053619688,118196,40395
194,11640000000000,194,113845,115599,1897.41666667,1866.215,1897.41666667,48152,100,80,1.4,113846,159383,0.590858777529,0.427207319878,119950,39433
195,11700000000000,195,114639,116281,1910.65,1868.715,1910.65,46510,100,81,1.405,114640,161068,0.588005290093,0.421151745156,121592,39476
196,11760000000000,196,113717,158906,1895.28333333,1876.45,1895.28333333,1321,100,82,1.41,113718,160341,0.591318785579,0.423764447128,166781,-6440
197,11820000000000,197,113853,112189,1897.55,1882.26166667,1897.55,2985,100,83,1.415,113853,161102,0.590833620838,0.421029555517,165117,-4015
198,11880000000000,198,115513,109802,1925.21666667,1890.86166667,1925.21666667,8696,100,84,1.42,115513,164029,0.584867891438,0.410510465183,159406,4623
199,11940000000000,199,114864,110825,1914.4,1895.83333333,1914.4,12735,100,85,1.425,114864,163682,0.587200276005,0.411757518257,155367,8315
200,12000000000000,200,115592,79794,1926.53333333,1900.505,1926.53333333,48533,100,86,1.43,115593,165297,0.584580386407,0.405953510436,119569,45728
201,12060000000000,201,115264,111507,1921.06666667,1906.11666667,1921.06666667,52290,100,87,1.435,115265,165404,0.585759157035,0.405568972457,115812,49592
202,12120000000000,202,115831,146971,1930.51666667,1911.33833333,1930.51666667,21150,100,88,1.44,115832,166797,0.583721465126,0.400562791099,146952,19845
203,12180000000000,203,113510,127193,1891.83333333,1911.04666667,1911.04666667,7467,100,89,1.445,114663,165688,0.587922632396,0.404548329596,160635,5053
204,12240000000000,204,109468,104346,1824.46666667,1903.75166667,1903.75166667,12589,100,90,1.45,114226,165627,0.58949312863,0.404767552182,155513,10114
205,12300000000000,205,110262,122078,1837.7,1896.45666667,1896.45666667,773,100,91,1.455,113788,165561,0.591067218676,0.405004743833,167329,-1768
206,12360000000000,206,110661,122078,1844.35,1891.36333333,1891.36333333,0,100,91,1.455,113482,165117,0.592166925421,0.406600396757,178746,-13629
207,12420000000000,207,111046,112871,1850.76666667,1886.685,1886.685,0,100,91,1.455,113202,164708,0.593173193031,0.40807026623,180571,-15863
208,12480000000000,208,112480,111507,1874.66666667,1881.63,1881.63,973,100,91,1.455,112898,164267,0.59426571215,0.409655137715,179598,-15331
209,12540000000000,209,111149,108097,1852.48333333,1875.43833333,1875.43833333,4025,100,91,1.455,112527,163726,0.595599016733,0.411599390489,176546,-12820
210,12600000000000,210,111571,113894,1859.51666667,1868.73666667,1868.73666667,1702,100,91,1.455,112125,163141,0.597043729515,0.413701771031,178869,-15728
211,12660000000000,211,113487,100595,1891.45,1865.775,1891.45,14594,100,91,1.455,113487,165124,0.592148956357,0.406575240067,165977,-853
212,12720000000000,212,113401,111507,1890.01666667,1861.725,1890.01666667,16488,100,91,1.455,113401,164999,0.592458024265,0.407024466678,164083,916
213,12780000000000,213,113136,118668,1885.6,1861.10166667,1885.6,10956,100,91,1.455,113136,164613,0.593410384682,0.408411678454,169615,-5002
214,12840000000000,214,114474,116281,1907.9,1869.445,1907.9,9149,100,91,1.455,114474,166560,0.588601863033,0.401414524754,171422,-4862
215,12900000000000,215,114083,109802,1901.38333333,1875.81333333,1901.38333333,13430,100,90,1.45,114084,165421,0.59000345006,0.405507877638,167141,-1720
216,12960000000000,216,115196,93093,1919.93333333,1883.37166667,1919.93333333,35533,100,89,1.445,115197,166459,0.586003536312,0.401777499856,145038,21421
217,13020000000000,217,115213,119691,1920.21666667,1890.31666667,1920.21666667,31055,100,88,1.44,115213,165907,0.585946035306,0.403761284572,149516,16391
218,13080000000000,218,29990,12617,499.833333333,1752.83333333,1752.83333333,48428,100,87,1.435,105171,150919,0.622035104364,0.457625352194,132143,18776
219,13140000000000,219,0,0,0,1567.585,1567.585,48428,100,86,1.43,94056,134499,0.661980334656,0.516635759876,132143,2356
220,13200000000000,220,132143,0,2202.38333333,1601.87166667,2202.38333333,180571,100,85,1.425,132143,188304,0.525102783049,0.323270657237,0,188304
221,13260000000000,221,76557,150040,1275.95,1540.32166667,1540.32166667,107088,100,84,1.42,92420,131236,0.667859812547,0.528362371341,73483,57753
222,13320000000000,222,109043,147312,1817.38333333,1533.05833333,1817.38333333,68819,100,83,1.415,109043,154296,0.608119860848,0.445489046058,111752,42544
223,13380000000000,223,110371,151745,1839.51666667,1528.45,1839.51666667,27445,100,82,1.41,110371,155624,0.603347277327,0.440716462538,153126,2498
224,13440000000000,224,100977,92070,1682.95,1505.955,1682.95,36352,100,81,1.405,100977,141873,0.637107555632,0.490134983612,144219,-2346
225,13500000000000,225,0,0,0,1315.81666667,1315.81666667,36352,100,80,1.4,78950,110529,0.716268472198,0.60277945489,144219,-33690
226,13560000000000,226,0,0,0,1123.82333333,1123.82333333,36352,100,79,1.395,67430,94065,0.757669196711,0.66194799034,144219,-50154
227,13620000000000,227,146606,2387,2443.43333333,1176.145,2443.43333333,180571,100,78,1.39,146606,203783,0.473125467196,0.267642027485,0,203783
228,13680000000000,228,0,0,0,1126.16166667,1126.16166667,180571,100,77,1.385,67570,93585,0.757166062906,0.663673020528,0,93585
229,13740000000000,229,0,0,0,1126.16166667,1126.16166667,180571,100,76,1.38,67570,93247,0.757166062906,0.664887729285,0,93247
230,13800000000000,230,0,0,0,905.923333333,905.923333333,180571,100,75,1.375,54356,74739,0.804654706457,0.731402018285,0,74739
231,13860000000000,231,28485,36146,474.75,825.803333333,825.803333333,172910,100,74,1.37,49549,67882,0.821930165028,0.756044793284,7661,60221
232,13920000000000,232,104999,138787,1749.98333333,819.063333333,1749.98333333,139122,100,73,1.365,104999,143324,0.622653240182,0.484920361106,41449,101875
233,13980000000000,233,42472,1023,707.866666667,705.898333333,707.866666667,180571,100,72,1.36,42472,57762,0.847363578863,0.792414179748,0,57762
234,14040000000000,234,0,0,0,537.603333333,537.603333333,180571,100,71,1.355,32257,43708,0.884074377552,0.842921626128,0,43708
235,14100000000000,235,0,0,0,537.603333333,537.603333333,180571,100,70,1.35,32257,43546,0.884074377552,0.843503823817,0,43546
236,14160000000000,236,0,0,0,537.603333333,537.603333333,180571,100,69,1.345,32257,43385,0.884074377552,0.844082427692,0,43385
237,14220000000000,237,1364,1364,22.7333333333,295.533333333,295.533333333,180571,100,68,1.34,17732,23761,0.936274509804,0.91460741188,0,23761
238,14280000000000,238,0,0,0,295.533333333,295.533333333,180571,100,67,1.335,17732,23673,0.936274509804,0.914923667414,0,23673
239,14340000000000,239,0,0,0,295.533333333,295.533333333,180571,100,66,1.33,17732,23584,0.936274509804,0.915243516762,0,23584
240,14400000000000,240,0,0,0,295.533333333,295.533333333,180571,100,65,1.325,17732,23495,0.936274509804,0.915563366109,0,23495
241,14460000000000,241,0,0,0,248.058333333,248.058333333,180571,100,64,1.32,14884,19647,0.94650968892,0.929392358116,0,19647
242,14520000000000,242,0,0,0,73.06,73.06,180571,100,63,1.315,13913,13913,0.949999281237,0.949999281237,0,13913
243,14580000000000,243,0,0,0,2.27333333333,2.27333333333,180571,100,62,1.31,13913,13913,0.949999281237,0.949999281237,0,13913
244,14640000000000,244,0,0,0,2.27333333333,2.27333333333,180571,100,61,1.305,13913,13913,0.949999281237,0.949999281237,0,13913
245,14700000000000,245,0,0,0,2.27333333333,2.27333333333,180571,100,60,1.3,13913,13913,0.949999281237,0.949999281237,0,13913
246,14760000000000,246,682,682,11.3666666667,3.41,11.3666666667,180571,100,59,1.295,13913,13913,0.949999281237,0.949999281237,0,13913
247,14820000000000,247,0,0,0,1.13666666667,1.13666666667,180571,100,58,1.29,13913,13913,0.949999281237,0.949999281237,0,13913
248,14880000000000,248,341,341,5.68333333333,1.705,5.68333333333,180571,100,57,1.285,13913,13913,0.949999281237,0.949999281237,0,13913
249,14940000000000,249,0,0,0,1.705,1.705,180571,100,56,1.28,13913,13913,0.949999281237,0.949999281237,0,13913
250,15000000000000,250,0,0,0,1.705,1.705,180571,100,55,1.275,13913,13913,0.949999281237,0.949999281237,0,13913
251,15060000000000,251,0,0,0,1.705,1.705,180571,100,54,1.27,13913,13913,0.949999281237,0.949999281237,0,13913
252,15120000000000,252,682,682,11.3666666667,2.84166666667,11.3666666667,180571,100,53,1.265,13913,13913,0.949999281237,0.949999281237,0,13913
253,15180000000000,253,0,0,0,2.84166666667,2.84166666667,180571,100,52,1.26,13913,13913,0.949999281237,0.949999281237,0,13913
254,15240000000000,254,0,0,0,2.84166666667,2.84166666667,180571,100,51,1.255,13913,13913,0.949999281237,0.949999281237,0,13913
255,15300000000000,255,0,0,0,2.84166666667,2.84166666667,180571,100,50,1.25,13913,13913,0.949999281237,0.949999281237,0,13913
256,15360000000000,256,0,0,0,1.705,1.705,180571,100,49,1.245,13913,13913,0.949999281237,0.949999281237,0,13913
257,15420000000000,257,0,0,0,1.705,1.705,180571,100,50,1.25,13913,13913,0.949999281237,0.949999281237,0,13913
258,15480000000000,258,0,0,0,1.13666666667,1.13666666667,180571,100,51,1.255,13913,13913,0.949999281237,0.949999281237,0,13913
259,15540000000000,259,1023,1023,17.05,2.84166666667,17.05,180571,100,52,1.26,13913,13913,0.949999281237,0.949999281237,0,13913
260,15600000000000,260,0,0,0,2.84166666667,2.84166666667,180571,100,53,1.265,13913,13913,0.949999281237,0.949999281237,0,13913
261,15660000000000,261,0,0,0,2.84166666667,2.84166666667,180571,100,54,1.27,13913,13913,0.949999281237,0.949999281237,0,13913
262,15720000000000,262,341,341,5.68333333333,2.27333333333,5.68333333333,180571,100,55,1.275,13913,13913,0.949999281237,0.949999281237,0,13913
263,15780000000000,263,0,0,0,2.27333333333,2.27333333333,180571,100,56,1.28,13913,13913,0.949999281237,0.949999281237,0,13913
264,15840000000000,264,0,0,0,2.27333333333,2.27333333333,180571,100,57,1.285,13913,13913,0.949999281237,0.949999281237,0,13913
265,15900000000000,265,0,0,0,2.27333333333,2.27333333333,180571,100,58,1.29,13913,13913,0.949999281237,0.949999281237,0,13913
266,15960000000000,266,0,0,0,2.27333333333,2.27333333333,180571,100,59,1.295,13913,13913,0.949999281237,0.949999281237,0,13913
267,16020000000000,267,0,0,0,2.27333333333,2.27333333333,180571,100,60,1.3,13913,13913,0.949999281237,0.949999281237,0,13913
268,16080000000000,268,0,0,0,2.27333333333,2.27333333333,180571,100,61,1.305,13913,13913,0.949999281237,0.949999281237,0,13913
269,16140000000000,269,0,0,0,0.568333333333,0.568333333333,180571,100,62,1.31,13913,13913,0.949999281237,0.949999281237,0,13913
270,16200000000000,270,0,0,0,0.568333333333,0.568333333333,180571,100,63,1.315,13913,13913,0.949999281237,0.949999281237,0,13913
271,16260000000000,271,0,0,0,0.568333333333,0.568333333333,180571,100,64,1.32,13913,13913,0.949999281237,0.949999281237,0,13913
272,16320000000000,272,0,0,0,0,0,180571,100,65,1.325,13913,13913,0.949999281237,0.949999281237,0,13913
273,16380000000000,273,0,0,0,0,0,180571,100,66,1.33,13913,13913,0.949999281237,0.949999281237,0,13913
274,16440000000000,274,0,0,0,0,0,180571,100,67,1.335,13913,13913,0.949999281237,0.949999281237,0,13913
275,16500000000000,275,0,0,0,0,0,180571,100,68,1.34,13913,13913,0.949999281237,0.949999281237,0,13913
276,16560000000000,276,0,0,0,0,0,180571,100,69,1.345,13913,13913,0.949999281237,0.949999281237,0,13913
277,16620000000000,277,0,0,0,0,0,180571,100,70,1.35,13913,13913,0.949999281237,0.949999281237,0,13913
278,16680000000000,278,0,0,0,0,0,180571,100,71,1.355,13913,13913,0.949999281237,0.949999281237,0,13913
279,16740000000000,279,0,0,0,0,0,180571,100,72,1.36,13913,13913,0.949999281237,0.949999281237,0,13913
280,16800000000000,280,0,0,0,0,0,180571,100,73,1.365,13913,13913,0.949999281237,0.949999281237,0,13913
281,16860000000000,281,3069,3069,51.15,5.115,51.15,180571,100,74,1.37,13913,13913,0.949999281237,0.949999281237,0,13913
282,16920000000000,282,0,0,0,5.115,5.115,180571,100,75,1.375,13913,13913,0.949999281237,0.949999281237,0,13913
283,16980000000000,283,3069,3069,51.15,10.23,51.15,180571,100,76,1.38,13913,13913,0.949999281237,0.949999281237,0,13913
284,17040000000000,284,682,682,11.3666666667,11.3666666667,11.3666666667,180571,100,77,1.385,13913,13913,0.949999281237,0.949999281237,0,13913
285,17100000000000,285,0,0,0,11.3666666667,11.3666666667,180571,100,78,1.39,13913,13913,0.949999281237,0.949999281237,0,13913
286,17160000000000,286,0,0,0,11.3666666667,11.3666666667,180571,100,79,1.395,13913,13913,0.949999281237,0.949999281237,0,13913
287,17220000000000,287,0,0,0,11.3666666667,11.3666666667,180571,100,80,1.4,13913,13913,0.949999281237,0.949999281237,0,13913
288,17280000000000,288,0,0,0,11.3666666667,11.3666666667,180571,100,81,1.405,13913,13913,0.949999281237,0.949999281237,0,13913
289,17340000000000,289,0,0,0,11.3666666667,11.3666666667,180571,100,82,1.41,13913,13913,0.949999281237,0.949999281237,0,13913
290,17400000000000,290,0,0,0,11.3666666667,11.3666666667,180571,100,83,1.415,13913,13913,0.949999281237,0.949999281237,0,13913
291,17460000000000,291,0,0,0,6.25166666667,6.25166666667,180571,100,84,1.42,13913,13913,0.949999281237,0.949999281237,0,13913
292,17520000000000,292,0,0,0,6.25166666667,6.25166666667,180571,100,85,1.425,13913,13913,0.949999281237,0.949999281237,0,13913
293,17580000000000,293,0,0,0,1.13666666667,1.13666666667,180571,100,86,1.43,13913,13913,0.949999281237,0.949999281237,0,13913
294,17640000000000,294,0,0,0,0,0,180571,100,87,1.435,13913,13913,0.949999281237,0.949999281237,0,13913
295,17700000000000,295,0,0,0,0,0,180571,100,88,1.44,13913,13913,0.949999281237,0.949999281237,0,13913
296,17760000000000,296,0,0,0,0,0,180571,100,89,1.445,13913,13913,0.949999281237,0.949999281237,0,13913
297,17820000000000,297,0,0,0,0,0,180571,100,90,1.45,13913,13913,0.949999281237,0.949999281237,0,13913
298,17880000000000,298,0,0,0,0,0,180571,100,91,1.455,13913,13913,0.949999281237,0.949999281237,0,13913
299,17940000000000,299,0,0,0,0,0,180571,100,92,1.46,13913,13913,0.949999281237,0.949999281237,0,13913
300,18000000000000,300,0,0,0,0,0,180571,100,93,1.465,13913,13913,0.949999281237,0.949999281237,0,13913
301,18060000000000,301,0,0,0,0,0,180571,100,94,1.47,13913,13913,0.949999281237,0.949999281237,0,13913
302,18120000000000,302,0,0,0,0,0,180571,100,95,1.475,13913,13913,0.949999281237,0.949999281237,0,13913
303,18180000000000,303,0,0,0,0,0,180571,100,96,1.48,13913,13913,0.949999281237,0.949999281237,0,13913
304,18240000000000,304,341,341,5.68333333333,0.568333333333,5.68333333333,180571,100,97,1.485,13913,13913,0.949999281237,0.949999281237,0,13913
305,18300000000000,305,0,0,0,0.568333333333,0.568333333333,180571,100,98,1.49,13913,13913,0.949999281237,0.949999281237,0,13913
306,18360000000000,306,0,0,0,0.568333333333,0.568333333333,180571,100,99,1.495,13913,13913,0.949999281237,0.949999281237,0,13913
307,18420000000000,307,0,0,0,0.568333333333,0.568333333333,180571,100,100,1.5,13913,13913,0.949999281237,0.949999281237,0,13913
308,18480000000000,308,0,0,0,0.568333333333,0.568333333333,180571,100,100,1.5,13913,13913,0.949999281237,0.949999281237,0,13913
309,18540000000000,309,0,0,0,0.568333333333,0.568333333333,180571,100,100,1.5,13913,13913,0.949999281237,0.949999281237,0,13913
310,18600000000000,310,0,0,0,0.568333333333,0.568333333333,180571,100,100,1.5,13913,13913,0.949999281237,0.949999281237,0,13913
311,18660000000000,311,0,0,0,0.568333333333,0.568333333333,180571,100,100,1.5,13913,13913,0.949999281237,0.949999281237,0,13913
312,18720000000000,312,0,0,0,0.568333333333,0.568333333333,180571,100,100,1.5,13913,13913,0.949999281237,0.949999281237,0,13913
313,18780000000000,313,0,0,0,0.568333333333,0.568333333333,180571,100,100,1.5,13913,13913,0.949999281237,0.949999281237,0,13913
314,18840000000000,314,0,0,0,0,0,180571,100,100,1.5,13913,13913,0.949999281237,0.949999281237,0,13913
315,18900000000000,315,0,0,0,0,0,180571,100,100,1.5,13913,13913,0.949999281237,0.949999281237,0,13913
316,18960000000000,316,0,0,0,0,0,180571,100,100,1.5,13913,13913,0.949999281237,0.949999281237,0,13913
317,19020000000000,317,0,0,0,0,0,180571,100,100,1.5,13913,13913,0.949999281237,0.949999281237,0,13913
318,19080000000000,318,0,0,0,0,0,180571,100,100,1.5,13913,13913,0.949999281237,0.949999281237,0,13913
319,19140000000000,319,2387,2387,39.7833333333,3.97833333333,39.7833333333,180571,100,100,1.5,13913,13913,0.949999281237,0.949999281237,0,13913
320,19200000000000,320,1705,1705,28.4166666667,6.82,28.4166666667,180571,100,100,1.5,13913,13913,0.949999281237,0.949999281237,0,13913
321,19260000000000,321,0,0,0,6.82,6.82,180571,100,100,1.5,13913,13913,0.949999281237,0.949999281237,0,13913
322,19320000000000,322,0,0,0,6.82,6.82,180571,100,100,1.5,13913,13913,0.949999281237,0.949999281237,0,13913
323,19380000000000,323,0,0,0,6.82,6.82,180571,100,100,1.5,13913,13913,0.949999281237,0.949999281237,0,13913
324,19440000000000,324,0,0,0,6.82,6.82,180571,100,100,1.5,13913,13913,0.949999281237,0.949999281237,0,13913
325,19500000000000,325,0,0,0,6.82,6.82,180571,100,100,1.5,13913,13913,0.949999281237,0.949999281237,0,13913
326,19560000000000,326,0,0,0,6.82,6.82,180571,100,100,1.5,13913,13913,0.949999281237,0.949999281237,0,13913
327,19620000000000,327,0,0,0,6.82,6.82,180571,100,100,1.5,13913,13913,0.949999281237,0.949999281237,0,13913
328,19680000000000,328,682,682,11.3666666667,7.95666666667,11.3666666667,180571,100,100,1.5,13913,13913,0.949999281237,0.949999281237,0,13913
329,19740000000000,329,4440,4774,74,11.3783333333,74,180237,100,100,1.5,13913,13913,0.949999281237,0.949999281237,334,13579
330,19800000000000,330,4085,3751,68.0833333333,15.345,68.0833333333,180571,100,100,1.5,13913,13913,0.949999281237,0.949999281237,0,13913
331,19860000000000,331,3410,3410,56.8333333333,21.0283333333,56.8333333333,180571,100,100,1.5,13913,13913,0.949999281237,0.949999281237,0,13913
332,19920000000000,332,0,0,0,21.0283333333,21.0283333333,180571,100,100,1.5,13913,13913,0.949999281237,0.949999281237,0,13913
333,19980000000000,333,0,0,0,21.0283333333,21.0283333333,180571,100,100,1.5,13913,13913,0.949999281237,0.949999281237,0,13913
334,20040000000000,334,341,341,5.68333333333,21.5966666667,21.5966666667,180571,100,100,1.5,13913,13913,0.949999281237,0.949999281237,0,13913
335,20100000000000,335,1705,1705,28.4166666667,24.4383333333,28.4166666667,180571,100,100,1.5,13913,13913,0.949999281237,0.949999281237,0,13913
336,20160000000000,336,341,341,5.68333333333,25.0066666667,25.0066666667,180571,100,100,1.5,13913,13913,0.949999281237,0.949999281237,0,13913
337,20220000000000,337,0,0,0,25.0066666667,25.0066666667,180571,100,100,1.5,13913,13913,0.949999281237,0.949999281237,0,13913
338,20280000000000,338,0,0,0,23.87,23.87,180571,100,100,1.5,13913,13913,0.949999281237,0.949999281237,0,13913
339,20340000000000,339,0,0,0,16.47,16.47,180571,100,100,1.5,13913,13913,0.949999281237,0.949999281237,0,13913
340,20400000000000,340,0,0,0,9.66166666667,9.66166666667,180571,100,100,1.5,13913,13913,0.949999281237,0.949999281237,0,13913
341,20460000000000,341,0,0,0,3.97833333333,3.97833333333,180571,100,100,1.5,13913,13913,0.949999281237,0.949999281237,0,13913
342,20520000000000,342,1364,1364,22.7333333333,6.25166666667,22.7333333333,180571,100,100,1.5,13913,13913,0.949999281237,0.949999281237,0,13913
343,20580000000000,343,3069,3069,51.15,11.3666666667,51.15,180571,100,100,1.5,13913,13913,0.949999281237,0.949999281237,0,13913
344,20640000000000,344,7502,7502,125.033333333,23.3016666667,125.033333333,180571,100,100,1.5,13913,13913,0.949999281237,0.949999281237,0,13913
345,20700000000000,345,0,0,0,20.46,20.46,180571,100,100,1.5,13913,13913,0.949999281237,0.949999281237,0,13913
346,20760000000000,346,0,0,0,19.8916666667,19.8916666667,180571,100,100,1.5,13913,13913,0.949999281237,0.949999281237,0,13913
347,20820000000000,347,0,0,0,19.8916666667,19.8916666667,180571,100,100,1.5,13913,13913,0.949999281237,0.949999281237,0,13913
348,20880000000000,348,0,0,0,19.8916666667,19.8916666667,180571,100,100,1.5,13913,13913,0.949999281237,0.949999281237,0,13913
349,20940000000000,349,0,0,0,19.8916666667,19.8916666667,180571,100,100,1.5,13913,13913,0.949999281237,0.949999281237,0,13913
350,21000000000000,350,0,0,0,19.8916666667,19.8916666667,180571,100,100,1.5,13913,13913,0.949999281237,0.949999281237,0,13913
351,21060000000000,351,682,682,11.3666666667,21.0283333333,21.0283333333,180571,100,100,1.5,13913,13913,0.949999281237,0.949999281237,0,13913
352,21120000000000,352,0,0,0,18.755,18.755,180571,100,100,1.5,13913,13913,0.949999281237,0.949999281237,0,13913
353,21180000000000,353,0,0,0,13.64,13.64,180571,100,100,1.5,13913,13913,0.949999281237,0.949999281237,0,13913
354,21240000000000,354,0,0,0,1.13666666667,1.13666666667,180571,100,100,1.5,13913,13913,0.949999281237,0.949999281237,0,13913
355,21300000000000,355,0,0,0,1.13666666667,1.13666666667,180571,100,100,1.5,13913,13913,0.949999281237,0.949999281237,0,13913
356,21360000000000,356,0,0,0,1.13666666667,1.13666666667,180571,100,100,1.5,13913,13913,0.949999281237,0.949999281237,0,13913
357,21420000000000,357,1364,1364,22.7333333333,3.41,22.7333333333,180571,100,100,1.5,13913,13913,0.949999281237,0.949999281237,0,13913
358,21480000000000,358,1023,1023,17.05,5.115,17.05,180571,100,100,1.5,13913,13913,0.949999281237,0.949999281237,0,13913
359,21540000000000,359,2387,2387,39.7833333333,9.09333333333,39.7833333333,180571,100,100,1.5,13913,13913,0.949999281237,0.949999281237,0,13913
360,21600000000000,360,1705,1705,28.4166666667,11.935,28.4166666667,180571,100,100,1.5,13913,13913,0.949999281237,0.949999281237,0,13913
361,21660000000000,361,0,0,0,10.7983333333,10.7983333333,180571,100,100,1.5,13913,13913,0.949999281237,0.949999281237,0,13913
362,21720000000000,362,0,0,0,10.7983333333,10.7983333333,180571,100,100,1.5,13913,13913,0.949999281237,0.949999281237,0,13913
363,21780000000000,363,0,0,0,10.7983333333,10.7983333333,180571,100,100,1.5,13913,13913,0.949999281237,0.949999281237,0,13913
364,21840000000000,364,0,0,0,10.7983333333,10.7983333333,180571,100,100,1.5,13913,13913,0.949999281237,0.949999281237,0,13913
365,21900000000000,365,3069,3069,51.15,15.9133333333,51.15,180571,100,100,1.5,13913,13913,0.949999281237,0.949999281237,0,13913
366,21960000000000,366,29562,30349,492.7,65.1833333333,492.7,179784,100,100,1.5,29562,44343,0.893759703295,0.840639554942,787,43556
367,22020000000000,367,19201,18414,320.016666667,94.9116666667,320.016666667,180571,100,100,1.5,19201,28802,0.930995198666,0.896491001093,0,28802
368,22080000000000,368,0,0,0,93.2066666667,93.2066666667,180571,100,100,1.5,13913,13913,0.949999281237,0.949999281237,0,13913
369,22140000000000,369,0,0,0,89.2283333333,89.2283333333,180571,100,100,1.5,13913,13913,0.949999281237,0.949999281237,0,13913
370,22200000000000,370,0,0,0,86.3866666667,86.3866666667,180571,100,100,1.5,13913,13913,0.949999281237,0.949999281237,0,13913
371,22260000000000,371,0,0,0,86.3866666667,86.3866666667,180571,100,100,1.5,13913,13913,0.949999281237,0.949999281237,0,13913
372,22320000000000,372,0,0,0,86.3866666667,86.3866666667,180571,100,100,1.5,13913,13913,0.949999281237,0.949999281237,0,13913
373,22380000000000,373,1023,1023,17.05,88.0916666667,88.0916666667,180571,100,100,1.5,13913,13913,0.949999281237,0.949999281237,0,13913
374,22440000000000,374,0,0,0,88.0916666667,88.0916666667,180571,100,100,1.5,13913,13913,0.949999281237,0.949999281237,0,13913
375,22500000000000,375,0,0,0,82.9766666667,82.9766666667,180571,100,100,1.5,13913,13913,0.949999281237,0.949999281237,0,13913
376,22560000000000,376,0,0,0,33.7066666667,33.7066666667,180571,100,100,1.5,13913,13913,0.949999281237,0.949999281237,0,13913
377,22620000000000,377,0,0,0,1.705,1.705,180571,100,100,1.5,13913,13913,0.949999281237,0.949999281237,0,13913
378,22680000000000,378,0,0,0,1.705,1.705,180571,100,100,1.5,13913,13913,0.949999281237,0.949999281237,0,13913
379,22740000000000,379,1364,1364,22.7333333333,3.97833333333,22.7333333333,180571,100,100,1.5,13913,13913,0.949999281237,0.949999281237,0,13913
380,22800000000000,380,0,0,0,3.97833333333,3.97833333333,180571,100,100,1.5,13913,13913,0.949999281237,0.949999281237,0,13913
381,22860000000000,381,0,0,0,3.97833333333,3.97833333333,180571,100,100,1.5,13913,13913,0.949999281237,0.949999281237,0,13913
382,22920000000000,382,0,0,0,3.97833333333,3.97833333333,180571,100,100,1.5,13913,13913,0.949999281237,0.949999281237,0,13913
383,22980000000000,383,0,0,0,2.27333333333,2.27333333333,180571,100,100,1.5,13913,13913,0.949999281237,0.949999281237,0,13913
384,23040000000000,384,0,0,0,2.27333333333,2.27333333333,180571,100,100,1.5,13913,13913,0.949999281237,0.949999281237,0,13913
385,23100000000000,385,0,0,0,2.27333333333,2.27333333333,180571,100,100,1.5,13913,13913,0.949999281237,0.949999281237,0,13913
386,23160000000000,386,341,341,5.68333333333,2.84166666667,5.68333333333,180571,100,100,1.5,13913,13913,0.949999281237,0.949999281237,0,13913
387,23220000000000,387,0,0,0,2.84166666667,2.84166666667,180571,100,100,1.5,13913,13913,0.949999281237,0.949999281237,0,13913
388,23280000000000,388,341,341,5.68333333333,3.41,5.68333333333,180571,100,100,1.5,13913,13913,0.949999281237,0.949999281237,0,13913
389,23340000000000,389,0,0,0,1.13666666667,1.13666666667,180571,100,100,1.5,13913,13913,0.949999281237,0.949999281237,0,13913
390,23400000000000,390,5797,5797,96.6166666667,10.7983333333,96.6166666667,180571,100,100,1.5,13913,13913,0.949999281237,0.949999281237,0,13913
391,23460000000000,391,0,0,0,10.7983333333,10.7983333333,180571,100,100,1.5,13913,13913,0.949999281237,0.949999281237,0,13913
392,23520000000000,392,0,0,0,10.7983333333,10.7983333333,180571,100,100,1.5,13913,13913,0.949999281237,0.949999281237,0,13913
393,23580000000000,393,0,0,0,10.7983333333,10.7983333333,180571,100,100,1.5,13913,13913,0.949999281237,0.949999281237,0,13913
394,23640000000000,394,0,0,0,10.7983333333,10.7983333333,180571,100,100,1.5,13913,13913,0.949999281237,0.949999281237,0,13913
395,23700000000000,395,0,0,0,10.7983333333,10.7983333333,180571,100,100,1.5,13913,13913,0.949999281237,0.949999281237,0,13913
396,23760000000000,396,0,0,0,10.23,10.23,180571,100,100,1.5,13913,13913,0.949999281237,0.949999281237,0,13913
397,23820000000000,397,0,0,0,10.23,10.23,180571,100,100,1.5,13913,13913,0.949999281237,0.949999281237,0,13913
398,23880000000000,398,0,0,0,9.66166666667,9.66166666667,180571,100,100,1.5,13913,13913,0.949999281237,0.949999281237,0,13913
399,23940000000000,399,1023,1023,17.05,11.3666666667,17.05,180571,100,100,1.5,13913,13913,0.949999281237,0.949999281237,0,13913
400,24000000000000,400,0,0,0,1.705,1.705,180571,100,100,1.5,13913,13913,0.949999281237,0.949999281237,0,13913
401,24060000000000,401,1023,1023,17.05,3.41,17.05,180571,100,100,1.5,13913,13913,0.949999281237,0.949999281237,0,13913
402,24120000000000,402,1023,1023,17.05,5.115,17.05,180571,100,100,1.5,13913,13913,0.949999281237,0.949999281237,0,13913
403,24180000000000,403,4774,4774,79.5666666667,13.0716666667,79.5666666667,180571,100,100,1.5,13913,13913,0.949999281237,0.949999281237,0,13913
404,24240000000000,404,12780,12958,213,34.3716666667,213,180393,100,100,1.5,13913,19170,0.949999281237,0.931106606866,178,18992
405,24300000000000,405,178,0,2.96666666667,34.6683333333,34.6683333333,180571,100,100,1.5,13913,13913,0.949999281237,0.949999281237,0,13913
406,24360000000000,406,0,0,0,34.6683333333,34.6683333333,180571,100,100,1.5,13913,13913,0.949999281237,0.949999281237,0,13913
407,24420000000000,407,2728,2728,45.4666666667,39.215,45.4666666667,180571,100,100,1.5,13913,13913,0.949999281237,0.949999281237,0,13913
408,24480000000000,408,682,682,11.3666666667,40.3516666667,40.3516666667,180571,100,100,1.5,13913,13913,0.949999281237,0.949999281237,0,13913
409,24540000000000,409,682,682,11.3666666667,39.7833333333,39.7833333333,180571,100,100,1.5,13913,13913,0.949999281237,0.949999281237,0,13913
410,24600000000000,410,1705,1705,28.4166666667,42.625,42.625,180571,100,100,1.5,13913,13913,0.949999281237,0.949999281237,0,13913
411,24660000000000,411,0,0,0,40.92,40.92,180571,100,100,1.5,13913,13913,0.949999281237,0.949999281237,0,13913
412,24720000000000,412,0,0,0,39.215,39.215,180571,100,100,1.5,13913,13913,0.949999281237,0.949999281237,0,13913
413,24780000000000,413,2536,2728,42.2666666667,35.485,42.2666666667,180379,100,100,1.5,13913,13913,0.949999281237,0.949999281237,192,13721
414,24840000000000,414,4284,4092,71.4,21.325,71.4,180571,100,100,1.5,13913,13913,0.949999281237,0.949999281237,0,13913
415,24900000000000,415,682,682,11.3666666667,22.165,22.165,180571,100,100,1.5,13913,13913,0.949999281237,0.949999281237,0,13913
416,24960000000000,416,3069,3069,51.15,27.28,51.15,180571,100,100,1.5,13913,13913,0.949999281237,0.949999281237,0,13913
417,25020000000000,417,0,0,0,22.7333333333,22.7333333333,180571,100,100,1.5,13913,13913,0.949999281237,0.949999281237,0,13913
418,25080000000000,418,0,0,0,21.5966666667,21.5966666667,180571,100,100,1.5,13913,13913,0.949999281237,0.949999281237,0,13913
419,25140000000000,419,0,0,0,20.46,20.46,180571,100,100,1.5,13913,13913,0.949999281237,0.949999281237,0,13913
420,25200000000000,420,0,0,0,17.6183333333,17.6183333333,180571,100,100,1.5,13913,13913,0.949999281237,0.949999281237,0,13913
421,25260000000000,421,0,0,0,17.6183333333,17.6183333333,180571,100,100,1.5,13913,13913,0.949999281237,0.949999281237,0,13913
422,25320000000000,422,682,682,11.3666666667,18.755,18.755,180571,100,100,1.5,13913,13913,0.949999281237,0.949999281237,0,13913
423,25380000000000,423,1705,1705,28.4166666667,17.37,28.4166666667,180571,100,100,1.5,13913,13913,0.949999281237,0.949999281237,0,13913
424,25440000000000,424,2387,2387,39.7833333333,14.2083333333,39.7833333333,180571,100,100,1.5,13913,13913,0.949999281237,0.949999281237,0,13913
425,25500000000000,425,0,0,0,13.0716666667,13.0716666667,180571,100,100,1.5,13913,13913,0.949999281237,0.949999281237,0,13913
426,25560000000000,426,341,341,5.68333333333,8.525,8.525,180571,100,100,1.5,13913,13913,0.949999281237,0.949999281237,0,13913
427,25620000000000,427,341,341,5.68333333333,9.09333333333,9.09333333333,180571,100,100,1.5,13913,13913,0.949999281237,0.949999281237,0,13913
428,25680000000000,428,4433,4433,73.8833333333,16.4816666667,73.8833333333,180571,100,100,1.5,13913,13913,0.949999281237,0.949999281237,0,13913
429,25740000000000,429,0,0,0,16.4816666667,16.4816666667,180571,100,100,1.5,13913,13913,0.949999281237,0.949999281237,0,13913
430,25800000000000,430,0,0,0,16.4816666667,16.4816666667,180571,100,100,1.5,13913,13913,0.949999281237,0.949999281237,0,13913
431,25860000000000,431,0,0,0,16.4816666667,16.4816666667,180571,100,100,1.5,13913,13913,0.949999281237,0.949999281237,0,13913
432,25920000000000,432,2728,2728,45.4666666667,19.8916666667,45.4666666667,180571,100,100,1.5,13913,13913,0.949999281237,0.949999281237,0,13913
433,25980000000000,433,2387,2387,39.7833333333,21.0283333333,39.7833333333,180571,100,100,1.5,13913,13913,0.949999281237,0.949999281237,0,13913
434,26040000000000,434,0,0,0,17.05,17.05,180571,100,100,1.5,13913,13913,0.949999281237,0.949999281237,0,13913
435,26100000000000,435,0,0,0,17.05,17.05,180571,100,100,1.5,13913,13913,0.949999281237,0.949999281237,0,13913
436,26160000000000,436,1705,1705,28.4166666667,19.3233333333,28.4166666667,180571,100,100,1.5,13913,13913,0.949999281237,0.949999281237,0,13913
437,26220000000000,437,1023,1023,17.05,20.46,20.46,180571,100,100,1.5,13913,13913,0.949999281237,0.949999281237,0,13913
438,26280000000000,438,0,0,0,13.0716666667,13.0716666667,180571,100,100,1.5,13913,13913,0.949999281237,0.949999281237,0,13913
439,26340000000000,439,1023,1023,17.05,14.7766666667,17.05,180571,100,100,1.5,13913,13913,0.949999281237,0.949999281237,0,13913
440,26400000000000,440,0,0,0,14.7766666667,14.7766666667,180571,100,100,1.5,13913,13913,0.949999281237,0.949999281237,0,13913
441,26460000000000,441,682,682,11.3666666667,15.9133333333,15.9133333333,180571,100,100,1.5,13913,13913,0.949999281237,0.949999281237,0,13913
442,26520000000000,442,0,0,0,11.3666666667,11.3666666667,180571,100,100,1.5,13913,13913,0.949999281237,0.949999281237,0,13913
443,26580000000000,443,6479,6479,107.983333333,18.1866666667,107.983333333,180571,100,100,1.5,13913,13913,0.949999281237,0.949999281237,0,13913
444,26640000000000,444,0,0,0,18.1866666667,18.1866666667,180571,100,100,1.5,13913,13913,0.949999281237,0.949999281237,0,13913
445,26700000000000,445,0,0,0,18.1866666667,18.1866666667,180571,100,100,1.5,13913,13913,0.949999281237,0.949999281237,0,13913
446,26760000000000,446,0,0,0,15.345,15.345,180571,100,100,1.5,13913,13913,0.949999281237,0.949999281237,0,13913
447,26820000000000,447,0,0,0,13.64,13.64,180571,100,100,1.5,13913,13913,0.949999281237,0.949999281237,0,13913
448,26880000000000,448,0,0,0,13.64,13.64,180571,100,100,1.5,13913,13913,0.949999281237,0.949999281237,0,13913
449,26940000000000,449,0,0,0,11.935,11.935,180571,100,100,1.5,13913,13913,0.949999281237,0.949999281237,0,13913
450,27000000000000,450,0,682,0,11.935,11.935,179889,100,100,1.5,13913,13913,0.949999281237,0.949999281237,682,13231
451,27060000000000,451,0,0,0,10.7983333333,10.7983333333,179889,100,100,1.5,13913,13913,0.949999281237,0.949999281237,682,13231
